year,per_capita_income
1990,-95765.01538461447
1991,-87251.0232478641
1992,-78737.03111111
1993,-70223.03897435963
1994,-61709.04683760926
1995,-53195.054700855166
1996,-44681.062564104795
1997,-36167.0704273507
1998,-27653.07829060033
1999,-19139.086153846234
2026,210738.7015384622
2027,219252.69367521256
2028,227766.68581196666
2029,236280.67794871703
2030,244794.6700854674
